Question,Answer,Category,Section
"Do you support Single Sign-On (SSO) and Multi-Factor Authentication (MFA)?","Yes. We support SAML 2.0 and OIDC for enterprise SSO integration (Okta, Azure AD, Ping Identity, Google Workspace). Multi-Factor Authentication (MFA) via TOTP or WebAuthn hardware keys is strictly enforced for all administrative access.","Security & Cryptography","Authentication & IAM"
"How is customer data encrypted at rest and in transit?","All customer data at rest is encrypted using AES-256 via AWS KMS Customer Managed Keys. All data in transit is encrypted using TLS 1.3 with strong cipher suites and HSTS enforced across all API endpoints.","Security & Cryptography","Data Encryption"
"What is your SLA uptime guarantee and credit policy?","We guarantee 99.9% monthly service availability. In the event of service downtime exceeding our SLA threshold, eligible enterprise customers receive service credits up to 25% of their monthly subscription fee.","SLA & Operations","Availability & SLA"
"What is your target Recovery Time Objective (RTO) and Recovery Point Objective (RPO)?","Our Disaster Recovery SLA guarantees an RTO of under 4 hours and an RPO of under 1 hour for all critical production databases and microservices. Automated snapshots run hourly.","SLA & Operations","Disaster Recovery"
"How do you handle SOC 2 Type II compliance and audits?","We undergo annual independent SOC 2 Type II audits conducted by an accredited CPA firm covering Security, Availability, and Confidentiality. SOC 2 reports are available under NDA.","Compliance & Security","Certifications & Audits"
"What is your data retention and erasure policy upon contract termination?","Upon termination of service, all customer data is securely purged from our active databases and backup systems using DoD 5220.22-M wiping standards within 30 days. Certificate of destruction provided upon request.","Privacy & Legal","Data Privacy & Compliance"
"Do you support REST APIs and webhook notifications for automated ingestion?","Yes. RFPEngine provides a fully documented RESTful API with OpenAPI/Swagger specifications, OAuth2 authentication, and customizable webhooks for automated RFP response workflows.","Product & Integrations","APIs & Developer Support"
"What role-based access control (RBAC) granularities are supported?","We support fine-grained RBAC with pre-built roles (Admin, Editor, Reviewer, SME, Auditor) as well as custom enterprise roles with field-level permission scoping across tenants.","Security & Cryptography","Access Controls"

